<?xml version="1.0"?>
<ruleset name="cloudinary_php coding standard">
    <description>cloudinary_php coding standard</description>

    <!-- display progress -->
    <arg value="p"/>
    <arg name="colors"/>

    <!-- inherit rules from: -->
    <rule ref="PSR2">
        <exclude name="PSR1.Methods.CamelCapsMethodName"/>
    </rule>

    <rule ref="Squiz.WhiteSpace.SuperfluousWhitespace">
        <properties>
            <property name="ignoreBlankLines" value="false"/>
        </properties>
    </rule>

    <!-- Paths to check -->
    <file>src</file>
    <file>tests</file>
</ruleset>
